{
    "Конечная станция \"Ул. Маршала Тухачевского\" (посадки/высадки нет)": [
        59.96928,
        30.42089
    ],
    "Апрельская ул.": [
        59.96822,
        30.42602
    ],
    "Апрельская ул. / Пр. Металлистов": [
        59.96417,
        30.419317
    ],
    "Шоссе Революции": [
        59.9591,
        30.42228
    ],
    "Б. Пороховская ул.": [
        59.95289,
        30.4217
    ],
    "Объединение \"Луч\" ": [
        59.94948,
        30.4211
    ],
    "Шепетовская ул.": [
        59.9462,
        30.42048
    ],
    "Якорная ул.": [
        59.94285,
        30.41866
    ],
    "Красногвардейская площадь ": [
        59.94309,
        30.4133
    ],
    "Новочеркасский пр.": [
        59.94118,
        30.4084
    ],
    "Ул. Помяловского": [
        59.935917,
        30.407564
    ],
    "Республиканская ул.": [
        59.9332,
        30.4075
    ],
    "Заневская пл.": [
        59.930134,
        30.410679
    ],
    "Ст. метро \"Новочеркасская\"": [
        59.928703,
        30.409504
    ],
    "Ст. метро \"Пл. Александра Невского\"": [
        59.924294,
        30.383802
    ],
    "Исполкомская ул.": [
        59.92561,
        30.379932
    ],
    "Полтавская ул.": [
        59.928234,
        30.372663
    ],
    "Суворовский пр.": [
        59.93019,
        30.36736
    ],
    "Ст. метро \"Площадь Восстания\"": [
        59.93148,
        30.35876
    ],
    "Литейный пр.": [
        59.932903,
        30.3471
    ],
    "Ст. метро \"Гостиный Двор\"": [
        59.9342,
        30.336937
    ],
    "Ст. метро \"Невский проспект\"": [
        59.93531,
        30.32802
    ],
    "Б. Конюшенная ул.": [
        59.93611,
        30.3215
    ],
    "М. Морская ул.": [
        59.9369,
        30.3139
    ],
    "Университетская наб.": [
        59.9416,
        30.305
    ],
    "Университет": [
        59.9396,
        30.2995
    ],
    "Кадетская линия В.О.": [
        59.9395,
        30.2931
    ],
    "Большой пр. В.О.": [
        59.94219,
        30.29
    ],
    "1-я и Кадетская линии. Ст. метро \"Спортивная\"": [
        59.94683,
        30.28472
    ],
    "Ст. метро \"Спортивная\"": [
        59.9515,
        30.2929
    ],
    "Пер. Талалихина": [
        59.9519,
        30.2972
    ],
    "Пионерская ул.": [
        59.95546,
        30.2984
    ],
    "Введенская ул.": [
        59.95765,
        30.30197
    ],
    "Ул. Ленина": [
        59.96128,
        30.30784
    ],
    "Ординарная ул. (оборотная)": [
        59.9642,
        30.3109
    ]
}