{
    "Оборотная станция \"Тульская ул.\" (посадки/высадки нет)": [
        59.943085,
        30.39128
    ],
    "Суворовский пр.": [
        59.94448,
        30.3863
    ],
    "Заячий пер.": [
        59.9408,
        30.3791
    ],
    "Сквер Галины Старовойтовой": [
        59.9385,
        30.3749
    ],
    "5-я Советская ул.": [
        59.934937,
        30.370844
    ],
    "3-я Советская ул. ": [
        59.9331,
        30.3689
    ],
    "Ст. метро \"Площадь Восстания\"": [
        59.93148,
        30.35876
    ],
    "Литейный пр.": [
        59.932903,
        30.3471
    ],
    "Ст. метро \"Гостиный Двор\"": [
        59.93396,
        30.33893
    ],
    "Ст. метро \"Невский проспект\"": [
        59.9351,
        30.32968
    ],
    "Б. Конюшенная ул.": [
        59.93611,
        30.3215
    ],
    "Ст. метро \"Адмиралтейская\" ": [
        59.936,
        30.3136
    ],
    "Исаакиевская пл.": [
        59.935,
        30.3109
    ],
    "Почтамтский пер.": [
        59.9336,
        30.2998
    ],
    "Пл. Труда. Центральный военно-морской музей": [
        59.9313,
        30.2935
    ],
    "Конечная станция \"Конногвардейский бульвар\" (посадки нет)": [
        59.93237,
        30.29644
    ]
}