{
    "Ул. Стахановцев": [
        59.9238,
        30.4114
    ],
    "Заневский пр.": [
        59.92692,
        30.40801
    ],
    "Ст. метро \"Новочеркасская\"": [
        59.93025,
        30.41123
    ],
    "Республиканская ул.": [
        59.93295,
        30.408382
    ],
    "Ул. Помяловского": [
        59.9362,
        30.40812
    ],
    "Красногвардейская пл.": [
        59.940712,
        30.4088
    ],
    "Новочеркасский пр.": [
        59.942505,
        30.407028
    ],
    "Ул. Красного Текстильщика ": [
        59.942993,
        30.394909
    ],
    "Суворовский пр.": [
        59.94448,
        30.3863
    ],
    "Заячий пер.": [
        59.9408,
        30.3791
    ],
    "Сквер Галины Старовойтовой": [
        59.9385,
        30.3749
    ],
    "5-я Советская ул.": [
        59.934937,
        30.370844
    ],
    "3-я Советская ул. ": [
        59.9331,
        30.3689
    ],
    "Ст. метро \"Площадь Восстания\"": [
        59.93148,
        30.35876
    ],
    "Литейный пр.": [
        59.932903,
        30.3471
    ],
    "Ст. метро \"Гостиный Двор\"": [
        59.9342,
        30.336937
    ],
    "Ст. метро \"Невский проспект\"": [
        59.93531,
        30.32802
    ],
    "Б. Конюшенная ул.": [
        59.93611,
        30.3215
    ],
    "М. Морская ул.": [
        59.9369,
        30.3139
    ],
    "Стадион \"Петровский\"": [
        59.95456,
        30.286224
    ],
    "Петровский пер.": [
        59.959076,
        30.2781
    ],
    "Новоладожская ул.": [
        59.960682,
        30.273989
    ]
}